[
  {
    "product_id": 1001,
    "Name": "Adidas Soccer F50+ Firm Ground Cleats",
    "Category": "Soccer",
    "Brand": "Adidas",
    "Colors": "White, Blue",
    "Sizes": "6, 6.5, 7, 7.5, 8, 8.5, 9, 9.5, 10, 10.5, 11, 11.5, 12",
    "Price ($)": 100.5,
    "Stock Quantity": 21,
    "Image": "Picture",
    "Discount": 0
  },
  {
    "product_id": 1002,
    "Name": "Adidas Soccer Predator Elite Fold-Over Tongue Firm Ground Cleats",
    "Category": "Soccer",
    "Brand": "Adidas",
    "Colors": "Black, White",
    "Sizes": "6, 6.5, 7, 7.5, 8, 8.5, 9, 9.5, 10, 10.5, 11, 11.5, 12",
    "Price ($)": 60.5,
    "Stock Quantity": 11,
    "Image": "Picture",
    "Discount": 0
  },
  {
    "product_id": 1003,
    "Name": "Adidas Soccer Predator League Fold-Over Tongue Firm Ground Soccer Cleats Youth",
    "Category": "Soccer",
    "Brand": "Adidas",
    "Colors": "Red, White",
    "Sizes": "6, 6.5, 7, 7.5, 8, 8.5, 9, 9.5, 10, 10.5, 11, 11.5, 12",
    "Price ($)": 62.5,
    "Stock Quantity": 16,
    "Image": "Picture",
    "Discount": 0
  },
  {
    "product_id": 1004,
    "Name": "Adidas Soccer Inter Miami CF Jersey",
    "Category": "Soccer",
    "Brand": "Adidas",
    "Colors": "Pink",
    "Sizes": "S, M, L, XL, 2XL",
    "Price ($)": 87.5,
    "Stock Quantity": 11,
    "Image": "Picture",
    "Discount": 0
  },
  {
    "product_id": 1005,
    "Name": "Adidas Soccer Real Madrid Home Jersey",
    "Category": "Soccer",
    "Brand": "Adidas",
    "Colors": "White",
    "Sizes": "S, M, L, XL, 2XL",
    "Price ($)": 60.5,
    "Stock Quantity": 21,
    "Image": "Picture",
    "Discount": 15
  },
  {
    "product_id": 1006,
    "Name": "Adidas Soccer Real Madrid Terrace Icons Track Top",
    "Category": "Soccer",
    "Brand": "Adidas",
    "Colors": "Purple",
    "Sizes": "S, M, L, XL, 2XL",
    "Price ($)": 47.5,
    "Stock Quantity": 16,
    "Image": "Picture",
    "Discount": 0
  },
  {
    "product_id": 1007,
    "Name": "Nike Basketball Sabrina 2 x TITAN Make Space",
    "Category": "Basketball",
    "Brand": "Nike",
    "Colors": "White",
    "Sizes": "6, 6.5, 7, 7.5, 8, 8.5, 9, 9.5, 10, 10.5, 11, 11.5, 12",
    "Price ($)": 30,
    "Stock Quantity": 10,
    "Image": "Picture",
    "Discount": 0
  },
  {
    "product_id": 1008,
    "Name": "Nike Basketball Luka .77 Space Navigator",
    "Category": "Basketball",
    "Brand": "Nike",
    "Colors": "White",
    "Sizes": "6, 6.5, 7, 7.5, 8, 8.5, 9, 9.5, 10, 10.5, 11, 11.5, 13",
    "Price ($)": 35,
    "Stock Quantity": 20,
    "Image": "Picture",
    "Discount": 20
  },
  {
    "product_id": 1009,
    "Name": "Nike Basketball Nike Elite Crew",
    "Category": "Basketball",
    "Brand": "Nike",
    "Colors": "Black, White, Red",
    "Sizes": "S, M, L, XL, 2XL",
    "Price ($)": 20,
    "Stock Quantity": 15,
    "Image": "Picture",
    "Discount": 0
  },
  {
    "product_id": 1010,
    "Name": "Nike Basketball Nike Elite Championship BasketBall",
    "Category": "Basketball",
    "Brand": "Nike",
    "Colors": "Orange",
    "Sizes": "28.5, 30",
    "Price ($)": 85,
    "Stock Quantity": 10,
    "Image": "Picture",
    "Discount": 5
  },
  {
    "product_id": 1011,
    "Name": "Nike Nike Zenvy Women's Dri-FIT High-Waisted Leggings",
    "Category": "Running",
    "Brand": "Nike",
    "Colors": "Black, Blue",
    "Sizes": "XXS, XS, S, M, L",
    "Price ($)": 50,
    "Stock Quantity": 20,
    "Image": "Picture",
    "Discount": 0
  },
  {
    "product_id": 1012,
    "Name": "Nike Interact Run",
    "Category": "Running",
    "Brand": "Nike",
    "Colors": "Black, White",
    "Sizes": "4.5, 5, 5.5, 6, 6.5, 7, 7.5, 8, 8.5, 9, 9.5",
    "Price ($)": 45,
    "Stock Quantity": 15,
    "Image": "Picture",
    "Discount": 5
  },
  {
    "product_id": 1013,
    "Name": "Puma ULTRA 5 PLAY",
    "Category": "Soccer",
    "Brand": "Puma",
    "Colors": "Black, Green",
    "Sizes": "4.5, 5, 5.5, 6, 6.5, 7, 7.5, 8, 8.5, 9, 9.5",
    "Price ($)": 42.5,
    "Stock Quantity": 23,
    "Image": "Picture",
    "Discount": 0
  },
  {
    "product_id": 1014,
    "Name": "Puma ATTACANTO",
    "Category": "Soccer",
    "Brand": "Puma",
    "Colors": "Black, Pink",
    "Sizes": "4.5, 5, 5.5, 6, 6.5, 7, 7.5, 8, 8.5, 9, 9.5",
    "Price ($)": 67.5,
    "Stock Quantity": 18,
    "Image": "Picture",
    "Discount": 0
  },
  {
    "product_id": 1015,
    "Name": "Puma ULTRA Light Soccer Sleeve Shinguards",
    "Category": "Soccer",
    "Brand": "Puma",
    "Colors": "Black",
    "Sizes": "S, M, L",
    "Price ($)": 20.5,
    "Stock Quantity": 13,
    "Image": "Picture",
    "Discount": 0
  },
  {
    "product_id": 1016,
    "Name": "Puma Orbita SWPL",
    "Category": "Soccer",
    "Brand": "Puma",
    "Colors": "Yellow",
    "Sizes": "5",
    "Price ($)": 100.5,
    "Stock Quantity": 13,
    "Image": "Picture",
    "Discount": 10
  },
  {
    "product_id": 1017,
    "Name": "Puma Speedcat Ballet Suede",
    "Category": "Soccer",
    "Brand": "Puma",
    "Colors": "Red",
    "Sizes": "6,6.5,7,7.5, 8",
    "Price ($)": 27.5,
    "Stock Quantity": 23,
    "Image": "Picture",
    "Discount": 0
  },
  {
    "product_id": 1018,
    "Name": "Puma Softride Enzo 5",
    "Category": "Running",
    "Brand": "Puma",
    "Colors": "Black, White",
    "Sizes": "6, 6.5, 7, 7.5, 8, 8.5, 9, 9.5, 10, 10.5, 11, 11.5, 13",
    "Price ($)": 52.5,
    "Stock Quantity": 18,
    "Image": "Picture",
    "Discount": 0
  },
  {
    "product_id": 1019,
    "Name": "Rawlings MLB Baseballs 6-Gallon Bucket",
    "Category": "Baseball",
    "Brand": "Rawlings",
    "Colors": "White",
    "Sizes": "100",
    "Price ($)": 52.5,
    "Stock Quantity": 12,
    "Image": "Picture",
    "Discount": 5
  },
  {
    "product_id": 1020,
    "Name": "Rawlings Gameday 57 Series Paul Goldschmidt Heart of the Hide 1st Base Mit",
    "Category": "Baseball",
    "Brand": "Rawlings",
    "Colors": "Black",
    "Sizes": "Right, Left",
    "Price ($)": 77.5,
    "Stock Quantity": 22,
    "Image": "Picture",
    "Discount": 10
  },
  {
    "product_id": 1021,
    "Name": "Rawlings Gameday 57 Series Anthony Volpe Pro Preferred Glove",
    "Category": "Baseball",
    "Brand": "Rawlings",
    "Colors": "Black",
    "Sizes": "Right, Left",
    "Price ($)": 50.5,
    "Stock Quantity": 17,
    "Image": "Picture",
    "Discount": 0
  },
  {
    "product_id": 1022,
    "Name": "Rawlings 2025 Rawlings Icon Electric Unicorn BBCOR -3 Baseball Bat",
    "Category": "Baseball",
    "Brand": "Rawlings",
    "Colors": "Pink",
    "Sizes": "33",
    "Price ($)": 137.5,
    "Stock Quantity": 12,
    "Image": "Picture",
    "Discount": 0
  },
  {
    "product_id": 1023,
    "Name": "Rawlings 2025 Rawlings Mach AI BBCOR -3 Baseball Bat",
    "Category": "Baseball",
    "Brand": "Rawlings",
    "Colors": "Black",
    "Sizes": "31, 32",
    "Price ($)": 62.5,
    "Stock Quantity": 22,
    "Image": "Picture",
    "Discount": 20
  },
  {
    "product_id": 1024,
    "Name": "Rawlings Pro Preferred JT39 Torpedo Barrel Birch Wood Bat",
    "Category": "Baseball",
    "Brand": "Rawlings",
    "Colors": "Red",
    "Sizes": "33",
    "Price ($)": 97.5,
    "Stock Quantity": 17,
    "Image": "Picture",
    "Discount": 0
  },
  {
    "product_id": 1025,
    "Name": "Reebok Basketball Off-Court Warm-Up Jacket",
    "Category": "Basketball",
    "Brand": "Reebok",
    "Colors": "Black",
    "Sizes": "S, M, L",
    "Price ($)": 45,
    "Stock Quantity": 24,
    "Image": "Picture",
    "Discount": 0
  },
  {
    "product_id": 1026,
    "Name": "Reebok Zone Cushion Quarter Socks",
    "Category": "Basketball",
    "Brand": "Reebok",
    "Colors": "Black, White",
    "Sizes": "S, M, L",
    "Price ($)": 12,
    "Stock Quantity": 19,
    "Image": "Picture",
    "Discount": 10
  },
  {
    "product_id": 1027,
    "Name": "Reebok Shaqnosis Retro Basketball Shoes",
    "Category": "Basketball",
    "Brand": "Reebok",
    "Colors": "Black",
    "Sizes": "6, 6.5, 7, 7.5, 8, 8.5, 9, 9.5, 10, 10.5, 11, 11.5, 12",
    "Price ($)": 95,
    "Stock Quantity": 14,
    "Image": "Picture",
    "Discount": 0
  },
  {
    "product_id": 1028,
    "Name": "Reebok Basketball Off-Court Shorts",
    "Category": "Basketball",
    "Brand": "Reebok",
    "Colors": "Black",
    "Sizes": "S, M, L",
    "Price ($)": 30,
    "Stock Quantity": 24,
    "Image": "Picture",
    "Discount": 0
  },
  {
    "product_id": 1029,
    "Name": "Reebok VR-3000 Elite Basketball",
    "Category": "Basketball",
    "Brand": "Reebok",
    "Colors": "Orange",
    "Sizes": "28.5",
    "Price ($)": 20,
    "Stock Quantity": 14,
    "Image": "Picture",
    "Discount": 0
  },
  {
    "product_id": 1030,
    "Name": "Reebok Basketball T-Shirt",
    "Category": "Basketball",
    "Brand": "Reebok",
    "Colors": "White",
    "Sizes": "S, M, L, XL, 2XL",
    "Price ($)": 55,
    "Stock Quantity": 19,
    "Image": "Picture",
    "Discount": 5
  },
  {
    "product_id": 1031,
    "Name": "Schutt F7 2.0 PROFESSIONAL HELMET",
    "Category": "Football",
    "Brand": "Schutt",
    "Colors": "Black, White",
    "Sizes": "S, M, L, XL",
    "Price ($)": 150,
    "Stock Quantity": 11,
    "Image": "Picture",
    "Discount": 0
  },
  {
    "product_id": 1032,
    "Name": "Schutt YOUTH F7 LX1 HELMET",
    "Category": "Football",
    "Brand": "Schutt",
    "Colors": "Black, White",
    "Sizes": "S, M, L, XL",
    "Price ($)": 75,
    "Stock Quantity": 21,
    "Image": "Picture",
    "Discount": 0
  },
  {
    "product_id": 1033,
    "Name": "Schutt SCHUTT OPTICS ELITE VISOR",
    "Category": "Football",
    "Brand": "Schutt",
    "Colors": "Clear, Smoke",
    "Sizes": "S, M, L, XL",
    "Price ($)": 40,
    "Stock Quantity": 16,
    "Image": "Picture",
    "Discount": 0
  },
  {
    "product_id": 1034,
    "Name": "Schutt SCHUTT FUSION HARD CUP CHINSTRAP",
    "Category": "Football",
    "Brand": "Schutt",
    "Colors": "Black, White",
    "Sizes": "S, M, L, XL",
    "Price ($)": 35,
    "Stock Quantity": 11,
    "Image": "Picture",
    "Discount": 0
  },
  {
    "product_id": 1035,
    "Name": "Schutt XV VARSITY BACK PLATE",
    "Category": "Football",
    "Brand": "Schutt",
    "Colors": "Black, White",
    "Sizes": "S, M, L, XL",
    "Price ($)": 60,
    "Stock Quantity": 21,
    "Image": "Picture",
    "Discount": 0
  },
  {
    "product_id": 1036,
    "Name": "Schutt XV SKILL SHOULDER PADS - FLUX",
    "Category": "Football",
    "Brand": "Schutt",
    "Colors": "Grey",
    "Sizes": "S, M, L, XL",
    "Price ($)": 225,
    "Stock Quantity": 16,
    "Image": "Picture",
    "Discount": 0
  },
  {
    "product_id": 1037,
    "Name": "NikeNike Inflict Wrestling Shoes",
    "Category": "Wrestling",
    "Brand": "Nike",
    "Colors": "Black",
    "Sizes": "6, 6.5, 7, 7.5, 8, 8.5, 9, 9.5",
    "Price ($)": 55,
    "Stock Quantity": 13,
    "Image": "Picture",
    "Discount": 0
  },
  {
    "product_id": 1038,
    "Name": "Nike Elite Headgear - White",
    "Category": "Wrestling",
    "Brand": "Nike",
    "Colors": "White",
    "Sizes": "Youth, Adult",
    "Price ($)": 80,
    "Stock Quantity": 23,
    "Image": "Picture",
    "Discount": 0
  },
  {
    "product_id": 1039,
    "Name": "Adidas Wresting Headgear",
    "Category": "Wrestling",
    "Brand": "Adidas",
    "Colors": "Black",
    "Sizes": "Youth, Adult",
    "Price ($)": 65,
    "Stock Quantity": 18,
    "Image": "Picture",
    "Discount": 0
  },
  {
    "product_id": 1040,
    "Name": "Nike Nike Wool Classic Hoodie",
    "Category": "Running",
    "Brand": "Nike",
    "Colors": "Black",
    "Sizes": "XS, S, M, L, XL, 2XL",
    "Price ($)": 40,
    "Stock Quantity": 13,
    "Image": "Picture",
    "Discount": 0
  },
  {
    "product_id": 1041,
    "Name": "US Glove Buckel Grips",
    "Category": "Gymnastics",
    "Brand": "US Glove",
    "Colors": "Grey",
    "Sizes": "S, M, L",
    "Price ($)": 65,
    "Stock Quantity": 23,
    "Image": "Picture",
    "Discount": 10
  },
  {
    "product_id": 1042,
    "Name": "US Glove Grip Chalk",
    "Category": "Gymnastics",
    "Brand": "US Glove",
    "Colors": "White",
    "Sizes": "20 oz",
    "Price ($)": 30,
    "Stock Quantity": 18,
    "Image": "Picture",
    "Discount": 10
  },
  {
    "product_id": 1043,
    "Name": "Under Armour",
    "Category": "Running",
    "Brand": "Under Armour",
    "Colors": "Black",
    "Sizes": "XS, S, M, L, XL, 2XL",
    "Price ($)": 32.5,
    "Stock Quantity": 19,
    "Image": "Picture",
    "Discount": 0
  },
  {
    "product_id": 1044,
    "Name": "Under Armour UA F9 Nitro",
    "Category": "Football",
    "Brand": "Under Armour",
    "Colors": "Black, White, Red, Blue",
    "Sizes": "S, M, L, XL",
    "Price ($)": 57.5,
    "Stock Quantity": 14,
    "Image": "Picture",
    "Discount": 0
  },
  {
    "product_id": 1045,
    "Name": "Under Armour UA Armour Air Strapped Mouthpiece",
    "Category": "Football",
    "Brand": "Under Armour",
    "Colors": "Black, White, Red, Blue",
    "Sizes": "One Size",
    "Price ($)": 20.5,
    "Stock Quantity": 24,
    "Image": "Picture",
    "Discount": 0
  },
  {
    "product_id": 1046,
    "Name": "Under Armour UA Football Visor",
    "Category": "Football",
    "Brand": "Under Armour",
    "Colors": "Clear, Smoke",
    "Sizes": "S, M, L, XL",
    "Price ($)": 40.5,
    "Stock Quantity": 19,
    "Image": "Picture",
    "Discount": 0
  },
  {
    "product_id": 1047,
    "Name": "Under Armour UA Gameday Armour Pro Leg Pads",
    "Category": "Football",
    "Brand": "Under Armour",
    "Colors": "Black, White",
    "Sizes": "S, M, L, XL",
    "Price ($)": 42.5,
    "Stock Quantity": 14,
    "Image": "Picture",
    "Discount": 0
  },
  {
    "product_id": 1048,
    "Name": "Under Armour Curry 12 'Pisces'",
    "Category": "Basketball",
    "Brand": "Under Armour",
    "Colors": "Blue",
    "Sizes": "4.5, 5, 5.5, 6, 6.5, 7, 7.5, 8, 8.5, 9, 9.5, 10, 10.5, 11, 11.5, 12",
    "Price ($)": 167.5,
    "Stock Quantity": 24,
    "Image": "Picture",
    "Discount": 5
  },
  {
    "product_id": 1049,
    "Name": "Under Armour Curry Fox 1 'Gamer'",
    "Category": "Basketball",
    "Brand": "Under Armour",
    "Colors": "Black",
    "Sizes": "4.5, 5, 5.5, 6, 6.5, 7, 7.5, 8, 8.5, 9, 9.5, 10, 10.5, 11, 11.5, 13",
    "Price ($)": 140,
    "Stock Quantity": 22,
    "Image": "Picture",
    "Discount": 0
  },
  {
    "product_id": 1050,
    "Name": "Under Armour Curry All Star Shirt",
    "Category": "Basketball",
    "Brand": "Under Armour",
    "Colors": "White",
    "Sizes": "S, M, L, XL",
    "Price ($)": 65,
    "Stock Quantity": 17,
    "Image": "Picture",
    "Discount": 0
  },
  {
    "product_id": 1051,
    "Name": "Under Armour UA Armour Curry Hoops Mouthguard",
    "Category": "Basketball",
    "Brand": "Under Armour",
    "Colors": "Clear",
    "Sizes": "S, M, L",
    "Price ($)": 15,
    "Stock Quantity": 12,
    "Image": "Picture",
    "Discount": 0
  },
  {
    "product_id": 1052,
    "Name": "Under Armour UA Baseball belt",
    "Category": "Baseball",
    "Brand": "Under Armour",
    "Colors": "Black, White, Blue, Red",
    "Sizes": "S, M, L, XL",
    "Price ($)": 18,
    "Stock Quantity": 12,
    "Image": "Picture",
    "Discount": 0
  },
  {
    "product_id": 1053,
    "Name": "Under Armour UA Converge Helmet",
    "Category": "Baseball",
    "Brand": "Under Armour",
    "Colors": "Grey, Black, White",
    "Sizes": "S, M, L, XL",
    "Price ($)": 55,
    "Stock Quantity": 22,
    "Image": "Picture",
    "Discount": 0
  },
  {
    "product_id": 1054,
    "Name": "Under Armour UA Vanish Piped Baseball Pants",
    "Category": "Baseball",
    "Brand": "Under Armour",
    "Colors": "Grey, White",
    "Sizes": "S, M, L, XL",
    "Price ($)": 50,
    "Stock Quantity": 17,
    "Image": "Picture",
    "Discount": 0
  },
  {
    "product_id": 1055,
    "Name": "Wilson Baseball Classics Series A2000",
    "Category": "Baseball",
    "Brand": "Wilson",
    "Colors": "Orange",
    "Sizes": "Right, Left",
    "Price ($)": 147.5,
    "Stock Quantity": 10,
    "Image": "Picture",
    "Discount": 0
  },
  {
    "product_id": 1056,
    "Name": "Wilson Baseball A500 Glove",
    "Category": "Baseball",
    "Brand": "Wilson",
    "Colors": "Black",
    "Sizes": "Right, Left",
    "Price ($)": 72.5,
    "Stock Quantity": 20,
    "Image": "Picture",
    "Discount": 0
  },
  {
    "product_id": 1057,
    "Name": "Wilson A1030 Baseballs in Bucket",
    "Category": "Baseball",
    "Brand": "Wilson",
    "Colors": "White",
    "Sizes": "100",
    "Price ($)": 97.5,
    "Stock Quantity": 15,
    "Image": "Picture",
    "Discount": 0
  },
  {
    "product_id": 1058,
    "Name": "Wilson A450 Baseball Glove",
    "Category": "Baseball",
    "Brand": "Wilson",
    "Colors": "Red",
    "Sizes": "Right, Left",
    "Price ($)": 72.5,
    "Stock Quantity": 10,
    "Image": "Picture",
    "Discount": 0
  },
  {
    "product_id": 1059,
    "Name": "Wilson A1000 Glove",
    "Category": "Baseball",
    "Brand": "Wilson",
    "Colors": "Brown",
    "Sizes": "Right, Left",
    "Price ($)": 107.5,
    "Stock Quantity": 20,
    "Image": "Picture",
    "Discount": 0
  },
  {
    "product_id": 1060,
    "Name": "Wilson DISTRESSED WILSON A2000 SNAPBACK",
    "Category": "Baseball",
    "Brand": "Wilson",
    "Colors": "Black",
    "Sizes": "OSFA",
    "Price ($)": 22.5,
    "Stock Quantity": 15,
    "Image": "Picture",
    "Discount": 20
  }
]

