[
    {
      "user_id": "1",
      "name": "Jphn Doe",
      "password": "password",
      "email": "john.doe@example.com",
      "addresses": [
        {
          "name": "John Doe",
          "street": "5331 Rexford Court",
          "city": "Montgomery",
          "state": "AL",
          "zip": "36116"
        },
        {
          "name": "Alice Doe",
          "street": "1693 Alice Court",
          "city": "Annapolis",
          "state": "MD",
          "zip": "21401"
        }
      ],
      "order_history": [
        {
          "order_id": "1001",
          "date": "2025-04-01",
          "items": [
            {
              "product_id": "1001",
              "quantity": 1,
              "price": 29.99
            },
            {
              "product_id": "1002",
              "quantity": 2,
              "price": 15.99
            }
          ],
          "total": 61.97
        },
        {
          "order_id": "1002",
          "date": "2025-04-15",
          "items": [
            {
              "product_id": "1003",
              "quantity": 1,
              "price": 24.99
            }
          ],
          "total": 24.99
        }
      ],
      "payment_methods": [
      {
        "id": "pm_1IuK0w2eZvKYlo2C5yFz5kF9",
        "type": "card",
        "card": {
          "brand": "Visa",
          "last4": "4242",
          "exp_month": 12,
          "exp_year": 2025,
          "fingerprint": "Xt6e5f8g9h0i1j2k3l4m5n6o7p8q9r0s",
          "country": "US"
        },
        "billing_details": {
          "name": "John Doe",
          "address": {
            "line1": "123 Main St",
            "line2": "Apt 4B",
            "city": "Kansas City",
            "state": "MO",
            "postal_code": "64101",
            "country": "US"
          },
          "email": "jane.doe@example.com",
          "phone": "+1234567890"
        },
        "allow_redisplay": "always"
      },
      {
        "id": "pm_1IuK0w2eZvKYlo2C5yFz5kF8",
        "type": "sepa_debit",
        "sepa_debit": {
          "bank_code": "37040044",
          "branch_code": "94832",
          "country": "DE",
          "fingerprint": "y7h8g9i0j1k2l3m4n5o6p7q8r9s0t1u2",
          "last4": "3000"
        },
        "billing_details": {
          "name": "John Doe",
          "address": {
            "line1": "123 Main St",
            "line2": "Apt 4B",
            "city": "Kansas City",
            "state": "MO",
            "postal_code": "64101",
            "country": "US"
          },
          "email": "jane.doe@example.com",
          "phone": "+1234567890"
        },
        "allow_redisplay": "limited"
      }
    ]
    },
    {
      "user_id": "2",
      "name": "Jane Smith",
      "password": "password",
      "email": "jane.smith@example.com",
      "addresses": [
        {
          "name": "Jane Smith",
          "street": "8642 Yule Street",
          "city": "Arvada",
          "state": "CO",
          "zip": "80007"
        }
      ],
      "order_history": [
        {
          "order_id": "1003",
          "date": "2025-04-10",
          "items": [
            {
              "product_id": "1004",
              "quantity": 1,
              "price": 89.99
            }
          ],
          "total": 89.99
        }
      ],
      "payment_methods": [
      {
        "id": "pm_1IuL0w2eZvKYlo2C5yFz5kG9",
        "type": "card",
        "card": {
          "brand": "MasterCard",
          "last4": "1234",
          "exp_month": 8,
          "exp_year": 2026,
          "fingerprint": "AbCdEfGhIjKlMnOpQrStUvWxYz123456",
          "country": "US"
        },
        "billing_details": {
          "name": "Jane Smith",
          "address": {
            "line1": "456 Oak St",
            "line2": "Suite 101",
            "city": "Kansas City",
            "state": "MO",
            "postal_code": "64102",
            "country": "US"
          },
          "email": "jane.smith@example.com",
          "phone": "+1234567890"
        },
        "allow_redisplay": "always"
      },
      {
        "id": "pm_1IuL0w2eZvKYlo2C5yFz5kH0",
        "type": "sepa_debit",
        "sepa_debit": {
          "bank_code": "37040044",
          "branch_code": "94832",
          "country": "DE",
          "fingerprint": "XyZ1234567890AbCdEfGhIjKlMnOpQrStUvWxYz",
          "last4": "5678"
        },
        "billing_details": {
          "name": "Jane Smith",
          "address": {
            "line1": "456 Oak St",
            "line2": "Suite 101",
            "city": "Kansas City",
            "state": "MO",
            "postal_code": "64102",
            "country": "US"
          },
          "email": "jane.smith@example.com",
          "phone": "+1234567890"
        },
        "allow_redisplay": "limited"
      }
    ]
    }
  ]

